﻿<?xml version="1.0"?>
<doc>
<assembly>
<name>
BossRewardAnalytic
</name>
</assembly>
<members>
<member name="T:BossRewardAnalytic.My.Resources.Resources">
<summary>
  지역화된 문자열 등을 찾기 위한 강력한 형식의 리소스 클래스입니다.
</summary>
</member>
<member name="P:BossRewardAnalytic.My.Resources.Resources.ResourceManager">
<summary>
  이 클래스에서 사용하는 캐시된 ResourceManager 인스턴스를 반환합니다.
</summary>
</member>
<member name="P:BossRewardAnalytic.My.Resources.Resources.Culture">
<summary>
  이 강력한 형식의 리소스 클래스를 사용하여 모든 리소스 조회에 대해 현재 스레드의 CurrentUICulture 속성을
  재정의합니다.
</summary>
</member>
<member name="P:BossRewardAnalytic.My.Resources.Resources._0">
<summary>
  System.Drawing.Bitmap 형식의 지역화된 리소스를 찾습니다.
</summary>
</member>
<member name="P:BossRewardAnalytic.My.Resources.Resources._00">
<summary>
  System.Drawing.Bitmap 형식의 지역화된 리소스를 찾습니다.
</summary>
</member>
<member name="P:BossRewardAnalytic.My.Resources.Resources._1">
<summary>
  System.Drawing.Bitmap 형식의 지역화된 리소스를 찾습니다.
</summary>
</member>
<member name="P:BossRewardAnalytic.My.Resources.Resources._11">
<summary>
  System.Drawing.Bitmap 형식의 지역화된 리소스를 찾습니다.
</summary>
</member>
<member name="P:BossRewardAnalytic.My.Resources.Resources._2">
<summary>
  System.Drawing.Bitmap 형식의 지역화된 리소스를 찾습니다.
</summary>
</member>
<member name="P:BossRewardAnalytic.My.Resources.Resources._22">
<summary>
  System.Drawing.Bitmap 형식의 지역화된 리소스를 찾습니다.
</summary>
</member>
<member name="P:BossRewardAnalytic.My.Resources.Resources._3">
<summary>
  System.Drawing.Bitmap 형식의 지역화된 리소스를 찾습니다.
</summary>
</member>
<member name="P:BossRewardAnalytic.My.Resources.Resources._33">
<summary>
  System.Drawing.Bitmap 형식의 지역화된 리소스를 찾습니다.
</summary>
</member>
<member name="P:BossRewardAnalytic.My.Resources.Resources._4">
<summary>
  System.Drawing.Bitmap 형식의 지역화된 리소스를 찾습니다.
</summary>
</member>
<member name="P:BossRewardAnalytic.My.Resources.Resources._44">
<summary>
  System.Drawing.Bitmap 형식의 지역화된 리소스를 찾습니다.
</summary>
</member>
<member name="P:BossRewardAnalytic.My.Resources.Resources._5">
<summary>
  System.Drawing.Bitmap 형식의 지역화된 리소스를 찾습니다.
</summary>
</member>
<member name="P:BossRewardAnalytic.My.Resources.Resources._55">
<summary>
  System.Drawing.Bitmap 형식의 지역화된 리소스를 찾습니다.
</summary>
</member>
<member name="P:BossRewardAnalytic.My.Resources.Resources._6">
<summary>
  System.Drawing.Bitmap 형식의 지역화된 리소스를 찾습니다.
</summary>
</member>
<member name="P:BossRewardAnalytic.My.Resources.Resources._66">
<summary>
  System.Drawing.Bitmap 형식의 지역화된 리소스를 찾습니다.
</summary>
</member>
<member name="P:BossRewardAnalytic.My.Resources.Resources._7">
<summary>
  System.Drawing.Bitmap 형식의 지역화된 리소스를 찾습니다.
</summary>
</member>
<member name="P:BossRewardAnalytic.My.Resources.Resources._77">
<summary>
  System.Drawing.Bitmap 형식의 지역화된 리소스를 찾습니다.
</summary>
</member>
<member name="P:BossRewardAnalytic.My.Resources.Resources._8">
<summary>
  System.Drawing.Bitmap 형식의 지역화된 리소스를 찾습니다.
</summary>
</member>
<member name="P:BossRewardAnalytic.My.Resources.Resources._88">
<summary>
  System.Drawing.Bitmap 형식의 지역화된 리소스를 찾습니다.
</summary>
</member>
<member name="P:BossRewardAnalytic.My.Resources.Resources._9">
<summary>
  System.Drawing.Bitmap 형식의 지역화된 리소스를 찾습니다.
</summary>
</member>
<member name="P:BossRewardAnalytic.My.Resources.Resources._99">
<summary>
  System.Drawing.Bitmap 형식의 지역화된 리소스를 찾습니다.
</summary>
</member>
<member name="P:BossRewardAnalytic.My.Resources.Resources.absolabs">
<summary>
  System.Drawing.Bitmap 형식의 지역화된 리소스를 찾습니다.
</summary>
</member>
<member name="P:BossRewardAnalytic.My.Resources.Resources.arcane">
<summary>
  System.Drawing.Bitmap 형식의 지역화된 리소스를 찾습니다.
</summary>
</member>
<member name="P:BossRewardAnalytic.My.Resources.Resources.archor">
<summary>
  System.Drawing.Bitmap 형식의 지역화된 리소스를 찾습니다.
</summary>
</member>
<member name="P:BossRewardAnalytic.My.Resources.Resources.consume1">
<summary>
  System.Drawing.Bitmap 형식의 지역화된 리소스를 찾습니다.
</summary>
</member>
<member name="P:BossRewardAnalytic.My.Resources.Resources.consume2">
<summary>
  System.Drawing.Bitmap 형식의 지역화된 리소스를 찾습니다.
</summary>
</member>
<member name="P:BossRewardAnalytic.My.Resources.Resources.consume3">
<summary>
  System.Drawing.Bitmap 형식의 지역화된 리소스를 찾습니다.
</summary>
</member>
<member name="P:BossRewardAnalytic.My.Resources.Resources.eq1">
<summary>
  System.Drawing.Bitmap 형식의 지역화된 리소스를 찾습니다.
</summary>
</member>
<member name="P:BossRewardAnalytic.My.Resources.Resources.eq10">
<summary>
  System.Drawing.Bitmap 형식의 지역화된 리소스를 찾습니다.
</summary>
</member>
<member name="P:BossRewardAnalytic.My.Resources.Resources.eq11">
<summary>
  System.Drawing.Bitmap 형식의 지역화된 리소스를 찾습니다.
</summary>
</member>
<member name="P:BossRewardAnalytic.My.Resources.Resources.eq12">
<summary>
  System.Drawing.Bitmap 형식의 지역화된 리소스를 찾습니다.
</summary>
</member>
<member name="P:BossRewardAnalytic.My.Resources.Resources.eq2">
<summary>
  System.Drawing.Bitmap 형식의 지역화된 리소스를 찾습니다.
</summary>
</member>
<member name="P:BossRewardAnalytic.My.Resources.Resources.eq3">
<summary>
  System.Drawing.Bitmap 형식의 지역화된 리소스를 찾습니다.
</summary>
</member>
<member name="P:BossRewardAnalytic.My.Resources.Resources.eq4">
<summary>
  System.Drawing.Bitmap 형식의 지역화된 리소스를 찾습니다.
</summary>
</member>
<member name="P:BossRewardAnalytic.My.Resources.Resources.eq5">
<summary>
  System.Drawing.Bitmap 형식의 지역화된 리소스를 찾습니다.
</summary>
</member>
<member name="P:BossRewardAnalytic.My.Resources.Resources.eq6">
<summary>
  System.Drawing.Bitmap 형식의 지역화된 리소스를 찾습니다.
</summary>
</member>
<member name="P:BossRewardAnalytic.My.Resources.Resources.eq7">
<summary>
  System.Drawing.Bitmap 형식의 지역화된 리소스를 찾습니다.
</summary>
</member>
<member name="P:BossRewardAnalytic.My.Resources.Resources.eq8">
<summary>
  System.Drawing.Bitmap 형식의 지역화된 리소스를 찾습니다.
</summary>
</member>
<member name="P:BossRewardAnalytic.My.Resources.Resources.eq9">
<summary>
  System.Drawing.Bitmap 형식의 지역화된 리소스를 찾습니다.
</summary>
</member>
<member name="P:BossRewardAnalytic.My.Resources.Resources.flame1">
<summary>
  System.Drawing.Bitmap 형식의 지역화된 리소스를 찾습니다.
</summary>
</member>
<member name="P:BossRewardAnalytic.My.Resources.Resources.flame1_1">
<summary>
  System.Drawing.Bitmap 형식의 지역화된 리소스를 찾습니다.
</summary>
</member>
<member name="P:BossRewardAnalytic.My.Resources.Resources.flame2">
<summary>
  System.Drawing.Bitmap 형식의 지역화된 리소스를 찾습니다.
</summary>
</member>
<member name="P:BossRewardAnalytic.My.Resources.Resources.flame2_1">
<summary>
  System.Drawing.Bitmap 형식의 지역화된 리소스를 찾습니다.
</summary>
</member>
<member name="P:BossRewardAnalytic.My.Resources.Resources.flame3">
<summary>
  System.Drawing.Bitmap 형식의 지역화된 리소스를 찾습니다.
</summary>
</member>
<member name="P:BossRewardAnalytic.My.Resources.Resources.flame3_1">
<summary>
  System.Drawing.Bitmap 형식의 지역화된 리소스를 찾습니다.
</summary>
</member>
<member name="P:BossRewardAnalytic.My.Resources.Resources.icon0">
<summary>
  (아이콘)과(와) 유사한 System.Drawing.Icon 형식의 지역화된 리소스를 찾습니다.
</summary>
</member>
<member name="P:BossRewardAnalytic.My.Resources.Resources.icon1">
<summary>
  (아이콘)과(와) 유사한 System.Drawing.Icon 형식의 지역화된 리소스를 찾습니다.
</summary>
</member>
<member name="P:BossRewardAnalytic.My.Resources.Resources.ItemStatus">
<summary>
  System.Drawing.Bitmap 형식의 지역화된 리소스를 찾습니다.
</summary>
</member>
<member name="P:BossRewardAnalytic.My.Resources.Resources.mage">
<summary>
  System.Drawing.Bitmap 형식의 지역화된 리소스를 찾습니다.
</summary>
</member>
<member name="P:BossRewardAnalytic.My.Resources.Resources.pirate">
<summary>
  System.Drawing.Bitmap 형식의 지역화된 리소스를 찾습니다.
</summary>
</member>
<member name="P:BossRewardAnalytic.My.Resources.Resources.scroll1">
<summary>
  System.Drawing.Bitmap 형식의 지역화된 리소스를 찾습니다.
</summary>
</member>
<member name="P:BossRewardAnalytic.My.Resources.Resources.scroll2">
<summary>
  System.Drawing.Bitmap 형식의 지역화된 리소스를 찾습니다.
</summary>
</member>
<member name="P:BossRewardAnalytic.My.Resources.Resources.scroll3">
<summary>
  System.Drawing.Bitmap 형식의 지역화된 리소스를 찾습니다.
</summary>
</member>
<member name="P:BossRewardAnalytic.My.Resources.Resources.scroll4">
<summary>
  System.Drawing.Bitmap 형식의 지역화된 리소스를 찾습니다.
</summary>
</member>
<member name="P:BossRewardAnalytic.My.Resources.Resources.scroll5">
<summary>
  System.Drawing.Bitmap 형식의 지역화된 리소스를 찾습니다.
</summary>
</member>
<member name="P:BossRewardAnalytic.My.Resources.Resources.thief">
<summary>
  System.Drawing.Bitmap 형식의 지역화된 리소스를 찾습니다.
</summary>
</member>
<member name="P:BossRewardAnalytic.My.Resources.Resources.title">
<summary>
  System.Drawing.Bitmap 형식의 지역화된 리소스를 찾습니다.
</summary>
</member>
<member name="P:BossRewardAnalytic.My.Resources.Resources.warrior">
<summary>
  System.Drawing.Bitmap 형식의 지역화된 리소스를 찾습니다.
</summary>
</member>
</members>
</doc>
